0,,,,,1,,4,,,,,,,,,,,8,,,,,,,,,,,,,,,,,8,6,7,,,,,,,,,,,,,,
1,,,,,6,,,,,,,7,9,,,,,,,,,,,,,,,,,,,,,,,,,,,,,,,,,,,,,,
2,,,5,7,,,,,,,,,,2,,3,,,8,,,,,,,,,,,,,,,,,,,,,,,,,,,,,,2,,
3,,,,,,,,,,,,,,,,,,,7,,,1,,8,,,,,,,,3,,,,,,,,,,,,,,,,,,10,
4,,,,6,,,,,,,,,,,,,,,,,,,,,5,,,,,,8,,,,,,6,,,,,,,,,,,,,2,
5,,,,,,,,,,,,,,,,,,,5,,,,,,,,,,,,4,,,8,,,9,,,,,,,,,,3,,,,
6,,3,,,,,,,,,,,,,10,,,,,,,,,,,,,9,,,,,,,,2,,,,,,,,,,,,,,,
7,,,,,,,,,,,10,,,,8,,,,,,,,,8,,,,,,,,,,,,,,,,,,,,,,,,,4,,4
8,,,,,,,,8,,,,,,,,4,,,,,,,,,,,,,,,,,,,,,,,,,,,,,,,,,,,
9,5,,,,,,,,,,,,,8,,,,,,,,,,,,,,,,,,,5,,,,,,,,,,,,,,1,,,,
10,,,,,,2,,2,,,,,,,,,,,,2,,,,6,,,,,,,,,,,,,,,,3,,,10,,,,,1,,,
11,,,,,,,,10,,,,,,,,,,4,,,,,,,,,,2,,,,,,,,,,,,,,,,,,,,,,,
12,,,,,,1,,,,,,,,,,,,,,,,,,,,9,2,,,6,,,,,,,,,,,,,,,,8,,,,,
13,,,,,,,,,,,,10,,,,,,,,,,2,10,,,,,,3,,3,,,,,9,,,,,,,,,,,,,,,
14,,,,,,,,,,,,,,,,,,5,,,5,,,,8,,,2,,,,,,,,,,10,,,,,,,,,,,3,,
15,,,,,7,5,,,,,,,,4,,,,,,,,,,,,,,,8,,,,,,,,,,,,,,,,,5,,8,,,
16,,,,,,,,,,,,,,,2,,,,,,,2,,,,,7,,,,,2,7,,,,,,,,,,,,,,,,,,
17,,,,,,,,,,,,,,,,5,,,,,,,,,,,,,,,,,,,,,,,,,3,4,,3,,,,,,,
18,,,,,,,,,,,,,,,,,,,,,,,,,,,,,,,,,,,,,,,4,,,,,,,,,,2,,
19,,2,,,2,,5,8,,,,,,,,,,6,,,4,,,,,,,,,,,,,,,,,,,,,,,,,,1,,,,
20,,,,,,,,,,,,,,,,,,,,,,,,,,,,,,,,,,4,,,,,,,,,,,,,,,,,5
21,,,,,,10,,,,3,,,,,,,,,,,,,,,,5,,,,,,,,,,,,,,,,,,,,,,,,,
22,6,7,,,,,,10,,,,,,,,,,,,,7,,,,,,,,,,,,,,,,9,,,,,,,,,,,,,,
23,,,4,,,,,,,1,,,,,,,,,,,,,,,,10,,,,,,,,,,,,,,,,,9,,,,,,,,
24,,9,,,,,,,,,,,,,,,,,,,,,,,,2,,,,,,,,,,,,,,,9,,,,5,,,,,,
25,,,,10,,,,,3,,,,,,,,,,,,,,,,,,,,,,,,,,,,,,,,,,,,,,,,,,
26,,,,,,,,,,,,,,,,3,,,,,,,,,,,,,,,,,,2,,,,2,,,,,,1,,,,6,,9,
27,,,,,,,,,,,,8,,,,2,,,,7,5,,,,,,,,,,,,,,,,,,,,,,,,,,,,,,
28,,,,,,,,3,,,,,2,,,,,,,,,,,,,3,,,,,,,,,,,,,,,,,,,,,,,,,7
29,,,,,,,,,,,,,,,,,,,,,,,4,,,,7,,,7,,,,,,,,,,,3,,,,,,,,,,
30,8,,,,8,,,,,,,,,,,,,,,,,,,,,,2,,,,,,,,,,,,,,10,,,,,,,,,,
31,5,,,6,,,,,,6,,,,,,,1,,,,7,,,,3,,,,,,,,,,,,,,,,,,,,,,,2,,,
32,,,,,,,,,,7,2,,,,,,,,,,,9,,,8,3,,,,,,,,,,4,,,7,5,,,,,,,,,,,
33,,,,,,,,,,,,,,,,10,,1,,,,,,,,,,,,,,,,7,,,,,,,,,,,,,,2,,,
34,,,,,,,9,,,,7,5,,3,,,,,,,,,9,,,,,,,,,,,,,,,,,,6,,,,10,,,,,,
35,,7,,,,,,,,10,,,9,,,,,,5,,,,,,,,1,,,5,,,8,,,,,,,,,,,,,,,,,,
36,,,,,,,,,,,,,,8,,,9,,,,,,,,,,,,8,,,,,,4,,,,,,,,,,,,,,,,
37,,,,,,,8,,,,,5,,,,,,,,,,,,,,,6,6,,,,,,1,,,,,,,,,,,,,,,,,
38,,,,,,,,9,,8,,,,,,,9,,,,1,,,,,,,,,,,,,,,,,,5,,,,,,,,,,,,
39,,,,,,8,,,,,,,,,,,,,,,,3,6,,,,,,7,,,,,,,,4,,,,,,,6,,,,,,,
40,,,,,,,,,,7,,,,,,,,,,,,,,,,,,6,,,8,,,,,,,,,2,,,,8,,,,,,8,
41,,,8,,,,,,,7,,,,,,,,,,,,8,,,,,,4,2,7,,,,,,,,,,5,,,,,,2,5,5,,8,
42,8,,,,,1,,,,,,,,,,,,,,,7,,,,,,,,,,,,,,,,,,,,,,,,,,,,,,
43,,,,3,,,1,,,,,,,,,,,,,2,,8,,,,,,,2,,,,,,,,,,,,,3,,,,,,,,,
44,,,7,,10,,10,,,,,,,,,,7,9,,,,5,,,,9,,,,,,,,,,,10,,,,,,,,,,,10,1,,
45,,,,2,,,,,,,1,,,,,,,7,,,,,,1,,,,2,,,,,,,3,,,,,,,,,,3,9,,,,,
46,,,7,,,,,,,,,,,,,,,,,,,,,,,,,,,,,,,,,,9,10,,,5,,10,,,,,,,,6
47,,,,,,,7,,,,,,,,,,,,,,,,,,10,6,,,,,,,,,,,,,,,,,,,4,,,,,,
48,,,,,,,9,,,,5,,,,,,,,,,,,2,,,,,,,,,,,,,,,,,,,,,,,,,,,,
49,,,,,,,,,,,,,,1,,,,,,,,,,,,,,,10,,,,,,,,,,,,,,,2,4,,,1,,,
50,1,,,,,,,,,,,,,4,,,,,,,,4,,,,,,,,,,,,,,,,,3,,,,,,1,3,,,,,
51,,2,,,,,,,,,,,,,,10,,,,,,,,,,,,,,,,,,,,,,,,,,,,,,,9,,,10,
52,5,,7,6,,,,,,,,,,5,,,,,,,,,,9,,,8,,4,,,,,,,,,,,,,,,,,,,,,,
53,,,,,,,4,,,,,,,1,,,,,,,,2,,,,,,,,6,,,2,,4,,,,,,,,,,9,,,,,,
54,4,,7,,,,,,,,5,,,,,,,,,,,,,,10,,,,,,,,,,,,,,,,,,,,,,,,,,
55,,,,,,,,,,3,5,3,,,,,,,,,,,3,,,,,,,,,,,,,,,,,,,2,,,,,,,,,
56,,2,,,,7,,,3,,,9,8,,,,,,,,,,,,10,,,,,,,,,,,1,10,,,,,,,,8,,,,,9,
57,,,,,,,,,,,,,,,,,4,,,,,,,,,,,,,,,3,8,,,,,,,,5,,,,,,,,,,
58,7,,,,,,,,3,,,,,,,,,,,,,7,,,,,,,,,,,,,,,,,,,,,,,,,6,2,,,
59,,,,,,,,1,,,,,,,,,,,,,1,,1,,6,,,,,,,,,,,,,,,,,,4,,,,,,,,
60,,,,,,,,,,,,,,,,,,,,,,,,,,,,,,,,9,9,,,,,,,,,,,,,,,,,,
61,2,,,,,,,,,,,,1,,,,,,,,,,,,,,,,,,,,2,,,,,,,7,,,,,,,,,,,
62,,6,4,,,,,,8,10,,,,,4,2,,,,,,2,,,,,4,,,1,,,,,,,,,,,,,1,,,,6,,,,
63,,,,,,,,,8,,,,,,,,9,,,,,10,,,,,,,4,8,,,,,,4,,,5,,7,,8,6,,2,,,,,
64,,,,,,,,,,,,,,,,,,,,6,,,,,,,,,,,,,,,,,,,,,,,,,9,,,,,,10
65,,,,,,,,,,,2,,,,,,,,,,,,,,,,,3,,,,,,,,,,,,,,,,,,10,,,,,
66,,,,,,,,,,,,,,,,,,,,,,,,,,,,1,,,,,,,,,,,,,4,,,,,,,,,,
67,,,,,,,7,,,,,,,10,,10,7,,,,,,7,,,,,,,,,,,,,,,,4,,,,,,,,,,,,
68,9,7,9,8,,,,,,,,,9,,,,,,,,,,,,,,,,,,1,,,,,,,,,,,,,,,,,,,,
69,,,,,,,,,1,,,,,6,,,,,,,,5,,9,,,,5,,,,,,,,,,,,,,,,,,,,,,,
70,,,,,,,,,2,,,,,,,,,6,,,,,,,,,,7,,,,,,,,,,,,,,,,,,,,,,,
71,,10,,,,,,,,,,3,,,,,,,,,,,,,,,,,,,,,,,,,9,,,2,,,,2,,,,,,,
72,,8,,,,,,,,,,,,,,,,,,,,,,,9,,,,,,,9,,,,,,9,,,,,,,,,,,,5,
73,,,,,,,,,,,,,,7,,,,,,,,,,,,,,,,,6,,,,,,,,,,10,,,,,,,,,,
74,,,,,,,,,,,,,,,,,,,,,,,,,,7,,,,3,,3,,,,,,,7,,,,,,,,,10,,,
75,,,,,,,,,,,,,,,,,,,,,,,,,,,,,,,,6,,7,,,,,,,,,,,,,,,,,
76,,,,,,,,10,,,5,,,,,,,,,,,1,,,,,,,,,,,,10,9,,,,,,,,,,,4,,8,1,,
77,,6,,5,,,,,,,,,,,,,,,,,,,,,,,,,,,,,,,,,,,,8,,,,,,,,,,,
78,,,,,8,,,,9,,10,,,,,,,,9,,,,,7,,,,,,,,,,,,,,,,,,,,,,,,,,,
79,,9,,,,,,,,,,5,,,,,,,1,,8,,,,,,,,,,,,,,,,,,,,,,,,,,,,,,
80,,,,,,10,,,,,,,,,,,,,,,,,,,,,,,,,,,6,,,,,,,,4,,2,,,,,,,,
81,,,,,,,,,,,,,,,,3,,,,,,,8,,,,2,,,,,,,,,,,,,,,,,,,,,,,7,
82,,,,,,,,,,9,,3,,5,,7,,,,,1,,,,,,,,,,,9,,6,,,,,,,,,10,,,,,,,,
83,,,,,,,,,,,,,,3,,5,,,,,,,,,,,8,,9,,8,,,,4,,,,,,,,,10,,,,3,,10,
84,,,,,7,,,,,,,,,,,,9,,,,5,,,,,,,10,,,7,,,,,,6,,,,,,,,,8,,,,,
85,,,,,7,3,,,,,,,,,,,,,,,,,,9,,,,,,,,,,,,,,,,,,,,,,,,,,,
86,,,,,,,,,,,,6,,,,,,,,10,4,,,,,,,,,,,,,,,,,,,9,,,,,,4,,,,,
87,,7,,,6,,,,,,,,,,,,,,,,,,,,,,,,,,,10,,9,,,,,,,,,1,,,,,,,,
88,,,,,,,,,,,,,5,,,,,,,,,,,,,,,,,,,,,,,,,,10,,,,,,,,,5,,,
89,,,,,,,,,,,,,,,,,,,,,,,,,,,,,,,,4,,,,,,,,,,,,,,,,,,4,
90,,,,,2,,10,,,,,,,,8,,,,,,,5,1,,,,,,,,4,,,,10,,,,,,,,,,9,,,,,,
91,,,,,,,,,,,,,,,,,,2,,,,,,,,1,,,4,,,,,,3,,,,,,,,,,,,,,7,,
92,,,,7,1,,,,,,,4,,,,,,,,,,,,,,,,,,,,,,,10,,7,,,,,,,3,,,,,,,
93,,8,,,,,,,,,,,,,,,,,1,,,,,,,,,,,,,,,,7,,,,,,3,,,8,,,,,,,
94,,,,,10,,,,,,,,,,,3,,8,,,,,,,,,,,,,,,,,,,,,,,,,,,,,,,,3,
95,,,,10,,,,,,,,,,,,,,,,,,,,,,,,,,5,,,,,7,,,,,,,,,,,,,,,,1
96,,,,,2,,,9,,,,,,,,,,,,,,,,,,,,,,,,6,,,,,8,,7,,,,,,,,,,,,
97,,,,3,,,,,,,,,,,,,,,,,7,4,,,,,,,,,,,,,,,,,1,,,,,7,,,,,,,
98,,,,,,,,,8,,,,,,,,,,,,,,,,,,,,,,,,,,1,,,,,,,,,,,,,,,,
99,,,,,,,,,,,,,,,,6,,,,,,,,,,,,,,6,,,,,,,,,7,,,,,1,,,,,,,
100,4,,,,,,,,,9,,,,,7,,,,,,,,,,,,,,,7,,,,,5,,3,,,,,,,,,,8,,,9,
101,1,,,,,,,1,,,1,,,,,7,,,,,,,,,4,,,,,,,,,,,,,,,,,,,,,,2,1,,,
102,,,,,,,,,,,,,,,,,,6,,,1,,3,,,8,,,,,10,,,,,,,,,,,,,,,,,,,3,
103,6,,,,,,,,5,,4,5,,,2,,,,8,,,,,,,,,,,,,,,,,,,,,,9,,,,,,,,,,
104,,5,,,,,,,,,,,,,,,,1,,3,,,,,,,,,,,,,,,2,,,,,,,,,,3,,,,,,
105,,,,6,,,,,,,,,,,,,8,,,10,,,,,,,,,,,,10,,,,,,,,,,,,,,,,,,,
106,,,,,,8,,,,,,9,,,,,,10,,,,,,,,,,,,,,,,4,,,,,,,,,,,,,,,,,7
107,,,3,,6,,,,,,,,,,,,,,,,,,,,,,,1,,,1,,,,,4,,,,,,,,,,,,,,,
108,,,,,,,,,,,,,,,,,,,,,,,,,,10,,,4,,,,,,,,,,,,,,,,,,,5,,,
109,,,,,,,,,,4,,,,,,,,,,,,,,,,,,,,10,,,,,,7,,,,,,,,6,,,,,,,
110,,,,2,,,,,,,,,,4,,10,,,,3,7,,,2,,9,,,,,,,,,,,4,,,,,,,,,,,,,,
111,,,,,,,,,,,,,,,,2,,,,,,,,,,,,,6,,,,,,,4,6,,,,,,5,4,,,,10,,,
112,9,,,,,6,,,,,,,,7,,,,,,8,,,,,,,,,,,5,,,,,,3,,,,,,,,,,,,,8,
113,,,,,,,3,,8,,,,,1,,,,,,,,,,,,,,,,,,,,3,,,5,,,,,,4,,,,,,,,
114,,,,,3,,,,10,,,,,,,,,7,,,,,,,,,,,,,,,,9,,,,,,,,,,,,,,,,,
115,,,,,,,2,1,,,10,,1,,,,,,8,,,,,,,,,,,,,1,,,,,,,,,,,,,,,,,,,
116,,,,3,,,,,,,,5,,,,,,,10,,,,,,,,,,,,,,,,,,,,,,,,,,,9,,,,,
117,,,,,,,,,,,,7,,,,,,,,,,,,,,,,,10,,,,,,,,,,,,,,,,,,,,,,
118,,,,,,,,2,,,8,,,,,,,,,,,,,,,,8,,,,4,2,,4,,,,5,7,,,,,,,8,,,,,
119,,,,,,8,,,,,2,,,,,,,,,,7,,,,,,4,,,,,,,,,,,,,,,,,3,,,,,5,,
120,,,3,,,,,,,7,,,,,,,,,,,,,,,,,,,6,,,,,,,10,,,,,,,,,,,,,,8,
121,,,,,,,,,,6,,,,,,,,,,,3,,,,3,,,,,,,9,,,,,,,5,,,,,,,,,,,,
122,,5,,,,,,4,,,,,,,,,,3,,,,,,,,,,,,,,5,,,,,,,,,,,,,,,,,,,
123,,,,,5,,,,,,,,,,,,1,,,,,8,,,,,,,,,,,,,,,,9,,,8,,,,,,,,,,
124,,,,,,,,,,,,1,,,,,,,,,,,,,,,,,,,9,,,,3,,,,1,1,,,,,,,,,,,
125,,,,,,,,,,,,,,,4,,,,,,9,,9,,,,,,,,,,2,,,,,,,,,,,,,,,,,,
126,,,5,,,,,,,,,,,7,,,,,,,,10,10,,,7,,8,,,,,,,,,,,,,,,,,,9,,1,,,
127,,,,8,9,,,,,,,,,,,,,,,,,,,,,,,,,,,3,,,,,,,,,,,,,,,,,,,
128,4,,,,,,,,,,,,,,,,,,,8,,,,,,,,,,,7,,3,,,,8,,,,,,,,,,,,,,
129,,,7,3,,7,,,,,,,,,,,,,,,1,,,9,7,,,,,,,,,,,,,,,,,,,,,3,,,,,
130,,,,,,,,,,,1,,,9,,,,,,,,,,,,,,,,,,,,,,,,,,,,,,,,,,,,,
131,,,,,,,,,,,4,,1,,,,,,,,,,,,,,,,,,,2,,,,8,,,,,,,,,,,,3,,,
132,,,1,,10,,,,,,,,,,,,,,,,,,,2,4,,,,,,,6,,,,,,,,6,,,,,10,6,,,,,
133,,,2,,,,,,,,,,,,,,,,,,,,,2,,,,,,,,,,,,5,,,,,,,,,,,,,,,4
134,,,,,,,,,,,5,,,,,,9,,,,,,,,,,,,,,,,,,,,,,7,2,,,6,7,,,,,,,
135,7,,,,2,,,,,,,,,,,,,,,,,,,,,,,,,,,,,,4,,,,,8,,,,,,,,,,,
136,,,,,,,,,,,,,,,,,,,,,6,,,,,,,,,,,,,,,,,,,8,1,,,,,,,,,,
137,,,,,,,,,,,6,,,,,6,,4,,,,,,,,,4,,,,,,,1,,,,,,,,,,,,,,,,,
138,,,,3,,8,,,,,,,,,,,5,,,,,1,,,,,,,,,,,,,,,,,,,,,,,,,,,,,
139,,,,,,,,,,,,,,,,6,3,,,,10,,,,3,,,,,,,,,,,,9,,,,,10,,,,,,,,,
140,,,,,,,2,,,,,,,,,,,,,,,,,,,,,,6,,,,,,,,,,,,,5,,,,,,,3,,
141,,,,,,,,,,,,2,5,,9,,,,,,3,10,,3,,9,,,3,,3,,,,,,,,,,,,,,,,,,6,,
142,,4,,,7,,,,,,,5,,,,,,,,,,10,,,,9,,,,,,,,,,,,,,5,,,,,,,,,,,8
143,,,,,,,,,,,2,,,,,,,,,,,,,,,,,,,,,,,,,,,,,,,,,,,,,,,8,
144,,,,,,,,,,,,3,,,,3,,9,,,,,,,,,,,,,,,,,,,,,,,,,2,,,,,,,,
145,,,,,,,,,,,5,,,3,,,5,,,,,5,,,,,,,7,,,,,,,,,,,,,,,,,,,7,,,
146,,,,,,,,,,,,,,,,,,,,,,,,,,,,,,,,,,,,,,,4,,,,,,,,9,,,,
147,,,,,,,,,,,,,,,,,,,2,6,,,,,,,7,,,,1,,,,,1,,,,,,,,,,,9,,1,,8
148,,,,,,9,,,,,,,,,,,,,,,,,6,,,,,,,,,,3,,,,,,,,,,,,,,,6,4,,
149,,,,,,,,,,,,,,,,,8,,,,4,,,,,,,,,,,,,,,,,,9,,,,,,,,,5,,,
150,,,,,,,,7,,,,,,,,,,9,,,,3,1,,,,,,,,,,9,,,,,,,,6,,,,,,,,,,
151,,,,,,3,,,,,,,,,,,,,,,,,,,,,,8,,,,,,8,,,,,2,,,5,,,,,,,,9,
152,,,,,,,,,,,4,,,,5,,,,,,,,,,,,5,9,,,,,,,,,,,,,,8,,,,,2,,,,
153,,,,,,,,,,,,,,,,,,,7,,,,,,,,,,,,,,,,10,,,,,,,,,,,,,,,10,
154,,,,,,,,,,,,,,6,,,,,,,,,,,,,,,,,,,,,,,,,8,,,,,,,,,,,,
155,,,,,,,,,,3,,,,,,,,,,,,,,,,,8,,,,,,,,,10,,,,,,,9,6,,,,,,,
156,,,,,,,,,,,,,,,7,5,,8,,,,,5,,,,,,,,,,,,,,,,4,,,,,,,,,,,,
157,,,,,1,,,,,6,,,6,,,,,,,,,,,9,,,,,,,,,,,10,,,,,9,,,,,6,,4,,,,
158,6,,,,,,,,,,,,,,,9,,,,,,,,,,,,,,8,,,,,,,,,,,,,,,6,,,6,,,9
159,,,,,,,,,,,,,,,,,,,,,,,,,,,,,,,,,,,,,,,,,,,,,,,,,,,
160,,,,,,,,,,,,,,,,,,,,,,,,,,,8,,,,,,,,,,,,,,,,,,,,,10,,,6
161,,6,,,,,9,,,,,,,3,,,,,8,,,,,,10,,,,,,,,,,,,,,,5,,,,10,,,,8,,,
162,,,,,,,,,,,,,,,,,,,,,,,,,,,4,,,,,,,,3,,,,,,,,5,,,3,,,,,
163,,,,,,,,,,,,,,4,,,,,,,,,,,,,,,,,,,,,,,,,,,,,,,9,,,,,,
164,,,,,,,,,,,,,,,,,,,,6,,,,,,,,,,10,,,,,,,,,,2,,,,,,7,,6,,,
165,,,,,,,,,,,2,,,,,,,5,,,,,8,,,,5,,5,,,,,,7,1,,,,,,,,,,,,4,,,
166,,,5,,,,,,,,,,,,,,,,6,,,,,3,,,,,,,,9,7,,,,,,,,,,,,,,,,,,
167,,,,,8,,,,,,,,,,,,,,,,,,2,,,,,,,,,,,,,,,,,,,,,,,8,,,,,
168,,8,,,,,,,,,,,,,,,,9,,,,,,,,,,,,,,,,,,4,,,,,,,,10,,,,,,,
169,,1,,3,,,,6,,,,,,,,,2,,,,,,,,,,,,,,,,,,,2,,,,,3,,10,,,,,,,,
170,,,,,,,,5,,,,,,,,,,6,,,,8,,,,,,,,,,,,,,,,,,,,,,,,,,,,,8
171,,,,,,,,,,6,,,,,,,9,,,2,,,,,,,,,,,,1,6,,,,,,,,,,,,,,,,,3,
172,,,,,,,,,,,,,,,,,,9,2,,,,,,,,,,,,,,,,,,,,,,10,,,,,,,,10,,
173,,,,,,,,,2,,,,,,,,,,,,,,,,,,,,,,,,4,,,3,,,,,,,,,,,,5,,,
174,,,,,,,,,7,,7,,,,,10,,2,,,,,,,,,,,,,,,,,,,2,,,,,,,,,,,,,,
175,,,,,,,,,,,,,,,,6,,,,,,,,,,,,,,,,,,,,,,,,,,,,,,,1,7,,,
176,,,,,,,,,,,,,,8,,,,,,,,,,,,,,,,,,,,,,4,6,,,5,,,1,,,,,,,,
177,9,,,,1,,,,,,,,,,,,,,,,,,,,,,,,,,,,,,,,,,,,,,,,,,,7,,,
178,,,,,,,,,,,,,,,,,1,,,,,,,,,3,,,,,,,,,,7,,,,,,,,,,,,4,,,
179,,2,2,,,,10,,,,,7,,,,,,,,,,,,10,,,3,,,,,,,,,,,,,,,,,,,,1,,,,
180,,,,,,,,,,,,,,5,,,,,,,,,,,,,,,,,,,,,,,,6,6,,,,,9,,,,,,,
181,,,6,9,,,,,,,,,,,,,,2,,,,,8,,,,,,,,,,,,,,,,,,,,,,,,,,,6,8
182,10,9,,,,,,,,,,,,,,,,,,,,,,,,,,9,,10,,,,,,,,,6,,,,,,,,4,,6,,
183,,,,5,,,,,,,,,,,,,,,,,,,,,,,,,,,,,,,,,2,,,,,,,,,,,,,,
184,4,,,,,,,,,,,,,,,10,,,,,,,,,,,,,,8,,,,9,,,,,,,,,,,,,,,,,
185,,,,10,,8,,1,,,,9,,,,8,,,,,,,,,,,,,,,,,,,,,,,,,2,,,,,8,,,,,
186,,,,,,,,,,,,,,,,,,7,,,6,,,,,,,,,,,,3,,,,5,,,,,,,,,,,,,,
187,,,,,,,,,,,,,6,,,,,,,,,,,,,,,,,,,,,,,,,,,,,,,,2,,,,,,
188,5,,,,,,,,,,,,,,,,,,4,7,,,7,,,,,,,,,,,3,,5,3,,,,,,,,,,,,,,10
189,,,,,,4,,,,,,,,,,,,9,,,,,,,,,,,,,,,,,,,,,,,,,,,2,,,,1,4,
190,,,,,,,,,,,,,,,,,,,7,,,,,,,,,9,,,,7,,,,,,,,,,,,,,,,,,,
191,,,,,,8,,,,,,3,,7,4,10,,,,,,,,,,2,,,2,,,5,,,,,,,,,,,,,,,,,,,
192,3,,,,,,,,,,,,,,,7,,,3,,,,,,,,,,,,,,,,,,,,,,,,,,4,,,,,,
193,,,,,,7,,,,,,,,,,3,3,3,,,,,,,,,,3,,,,,,,10,,,,4,,,,,10,,,,,,,
194,,,,,,,,,,,,,,,,,1,,,,,,,,,,9,,,,,,,,,,,,,,,,,8,,,,,,,
195,,,8,,,,,,,,,3,,,,,,,,,,,,,,,,,,,,,,,,,,,,,,,,1,,,5,,,,
196,7,,8,1,,4,,,,,,,,,6,,,3,,,,,,,,,6,,1,,,,,3,,,,,,,,,5,,8,,,,,,
197,8,3,,,,,,,,,7,1,,,,,,,,,,,,,,,10,,,,,,,,,,10,7,,,,,,2,,,,,,6,
198,,,,,,,,,,,,,,,,4,,,,,,,,9,,,,,,,,9,,,,,,,,,,,,,,,,,,,5
199,,,,,,,,,,,,,,,,,,,,,,,,4,,9,,,,,,,,,,,,,,,,,,,3,,,,,,
200,,,,,,,,,,,,,,,3,6,,,8,,,,,,,,,,,,,5,,,,,8,,,,,,,,,,,,,,
201,,,,,,,,,,,,,5,10,,,,,,,,,,,,,,,2,,,,,,,,,,,,,,,,,,,,,,
202,,1,,,,,,,,,,,,,,,4,,,4,,,,4,,,,6,8,,,,,,,,10,,,,,,,,,,,,,,
203,,,,,,,,6,,,,,,,,,,,,,7,,,,2,,,,1,,,,4,,,,,,,,,,,,5,,,,,,
204,,3,,,,,,,8,,,8,,,,,,,,,,,,,,,10,,,,,,,,9,,,,,,,,,,,,,,,,5
205,,,,,,,,,,,,,,,,10,,,,,,,,,,,,1,,,,,,,10,,,,,,,,,,,,,,,,
206,,,,,,,,,,,,,,,,,,7,,,,,,,,,,,,,4,,,,,,,,,,,,,7,,,,,,4,
207,,,,,,,,,,,8,8,,3,,,,,10,,,,,,,,,,,,,,,,,,,,,,,1,,,,,,,,,
208,,,,,3,,,,9,,,9,,,,,,,,,,,,,,,,5,,2,,,,,,5,,,,,,6,,,,6,,,,,
209,,,10,,,,,,,,,,,,,,,,,,,7,,,,,,,,,,8,,,,,,,,2,,,,,,,,,9,,
210,,,2,,,,,,,7,,,,,,,1,,,,,5,,,,,,,,,,,,,,,,9,,,,,,,,,,,,,
211,,,,,,,,,2,5,,3,,,,,,,,,9,,2,,,,,,,,,,,,,,,,,,,,,,,,,,,2,
212,4,,,,,4,,,2,,,,,,,,4,,,,,,,,,,,9,,,,,7,,2,,,,,9,,,,,,,,,,,
213,,,,,,,8,5,,,,,,,,5,,,,5,,,,,,,,,,,,,,,,,,,,,,,,2,,,,,,,
214,,9,,,,,,,,,,,,,,,,,,3,,,,,,,,,,,,,,,,,,,,,,,,,,9,,,,6,
215,2,,6,,,,,,4,4,,,,,,,,,,,,,,,,,,,,,,,,,,,,,10,,,,,,,,,,,,
216,,,,,,,,,,4,,,,,,,,,,,,,,,,,,,,,,,,,2,,10,,,,,,,,,7,,,,,
217,,,,,,,10,,,,,,,2,,,,,,,,,,5,,,,,,,,,,,,,,,,,,,,,,,,,1,,
218,,,,,,,,,,,,,,,,,,,,,10,,,,,,,,,,,,,,,,,,,,,,,,,,,,,,
219,,,,,10,,,,5,,,,9,,,,,,,7,,,,,,,,,,,,,,,,,,,,5,3,,,,,,,,,,
220,,,,10,8,,,,,,,,,,,,,,,,,2,,,,,,,,,,,,,,,7,,,,,,,,,,9,,,,
221,,2,,,,,,6,,9,,,6,2,,,,2,,,,,,9,,,,,8,,,,,,,,,,,,,,,,,,,,,3,
222,,,,,,,,,4,,,,,2,,,,,,6,,,,,,2,,,,,,9,,,,,,,,,4,,,10,,,,,,,
223,,,,,,,,,,,3,8,,,,,5,,,,,,,10,,,,,,,,,,,,,,,,6,,,3,,5,10,,,,,
224,,,,,,,,,,,,,,,,,,2,,,,,,,,,5,,,,,,,,,,,,,8,,7,,,,,,,,,
225,10,,,,,,,,,,,,,,,,,,,,,,8,,,,,,,,,,,,,10,,,,,,,,,,,1,,,,
226,,,,,,,,,,,,,,,,,,,,7,9,,,,2,,,,,,,,,,1,,,,6,,,,,,,,,,,,
227,,,,,,,,,,,,,,,,2,,,,,,,,,,10,,,,,,,,,,,,,,,10,,9,,,,10,,8,,
228,,,,,,,,,,5,,,,,,,,,,,,,,,,,,8,,,,2,,,,,,,,,,,,,,,,,,,4
229,,,,,,,,,,,,,,,,,,,,,,,,,,,,,,,,,,,,,,,,,,,,,,,3,,,,
230,,,,,,,,7,,,,,,4,,,,,,,,7,,,,,,,,,,,,,,,,,,,,,,,,,,,,1,10
231,,,,,,,,,,,,,,,,,,,,,,,,,6,,10,,1,,,3,8,9,,,10,6,,,8,8,,,,,,,,,
232,,,,,,,,,,,,,2,,,,,,,,,,,,,,,4,,,,,6,,,,,,,,,,,,,,,,,,
233,,,8,,,,,,4,,,,,,7,,,4,,,,,,,,,6,,,,,,,,,,,,2,4,9,5,,,,,4,,,,
234,,,,,,5,,,,,,,,10,,,,,6,,,,,,,,,,,,,,,,,,,,9,,,,,,,9,,,,,
235,,,,,,,,,,,,,8,,,,,,,,,,,,,,,,,,10,,,,,,,,,,,,,,,,,,,,
236,,,,,,,,,,,,,,,,,,,10,,,,,,,,,6,,,,,,,,,,,,,,,,,,,,,,,
237,,,1,,,,,,5,,,3,,,,6,,,,,10,,,,,,,,,,,,,,,,,2,,1,,9,,,,,,,,,
238,,,,,,,,,4,,,,,,,,8,,,,,,,,,,9,,,,,,,,,,,,,,,,7,,,,,,,,
239,,,8,,,,,,,,,,,,,,,,,,,,,,,,,,,7,,,10,,,,,10,,,,,,,,,,,,,
240,,,,,,,,,,,2,,,7,,,2,,,,1,,,,,,,,,,,,,,,,10,,,,,,8,,,,,,,3,
241,,,,,,,,,,,,10,7,,,,,,,,,,,,,,7,,,,,7,,,,1,,,,,,,,,,,,,,,
242,,,,,,,,,,,,,,,,,,,,,6,,,,,3,,,,,,,,,,,,,7,,,,,,,,,,,,
243,,8,,,,,,,,,,,,,,,,,,,,,9,,,,,,,,,,,,,,,,,,,,,,5,,,,,,
244,,,,,,,,,,,,,,8,,4,,,,,,,,,,,,,,,,,,,,,,,,,,,,,,,,10,,,
245,,,,,,,,,,1,1,,,,,,,,,,,,,,,,,,,,,6,,,,,,,,,,,,,,8,,,,,2
246,,,,,,,,,,3,,,,,,,10,,,,,,,,,,,,,9,,,,,10,,,,,,,,,,2,,,,,,
247,,,,,,,,,,,,,,,,,,,,,,,,,,,,,,3,,,,5,,,,,,,2,,,,,,,,,,
248,,,,,,,,,,8,,,,,,,,,,,1,,,,6,,,,,,,,,,,,,,,,,,,,,,,,,3,
249,,,3,,,,,,,,,,7,,,,,,,,,,,,,,,5,,,,,,,,,,9,,,7,,,,,,,,,,
250,,,,,6,,,1,,,,,,,,,,,,,,,,,,,4,,,,,,9,,,,,,,,,,,,,,,,,,
251,,,,,,,,,,10,,,,,,,,,,,,,,,,,,,,,6,,,,10,,,,,,,,,7,,,,,,,
252,,,,,,,,,,,,,,2,,,,,,,,8,,,,,,,,,,,,,,,,,,,5,,3,,,,1,,,,
253,1,,,,,,,,,,,,,,,,,,,,,,,,9,,,,,,,,4,,7,,,,5,2,,,,6,,,,,,,
254,,,,,,,,,,,,,,,10,,,,,,,,,,,,,,,,,,,,3,,,,,,,,,,10,,,,,,
255,,,,,,,,,,1,,,,,,,,,,,,,,,,,,,3,,,,,9,,,,,,,,2,1,1,,1,,6,,,
256,,,,,1,,,,,,,,,,,,7,,,,,,,,,,,,,,,,1,,,,,,,,,,,,,,,,,,
257,,10,,,,,,,,,,,,,,,,,,,,,,,,8,,,,,,,,,,,,,,,,,,,9,,,,,4,
258,,,,,,,,,,,,,,9,,,,,,,5,1,,,,,,,,,,,,,,,,,,,,,,,,,10,,,,
259,,,,,,,,,,8,,,,,,,,,,,,5,,,,,,,10,,,8,,,,,,,,,,5,,,,,,7,,,
260,6,,,,,,6,,3,,1,,,,,,,,6,,,,,,,,,,,,,,,,,10,,10,,,,,,,,,,,,,
261,,,,,,,,,,,10,,,,,,,,,,,,,,7,10,,,,,,9,,2,,,,,,5,,,5,,,,,,,,
262,,,,,,,,,,,,,,,4,,,,,,,,,,,7,,,,,,,,,,,,,,,,,,,,,,,,,
263,8,,,,,,,,,,,,,,,,,,,,,,,,,,,,,,,,,,,,,,,,,,,,,,,10,,,
264,,,,,,7,,,,,,,,,,,,,,,,,,,,,,,,,,,10,,10,,,3,,6,,,,,,,,,,,
265,,,,,,,,2,,,,,,,,,,,,,4,,,,,,6,,,5,,,,,,2,,,,,,,,,,,5,,,,
266,,,,,,,,,,10,,,,,,,,,,,,,,7,,,,,,,,,,,,,8,2,2,5,,,,4,,,,,,,
267,,,,,,,,,,,,,,,,,,,,,,,,,,,,,,,,,,,,,,,,,,,,,,,,,,,
268,,,,,,2,,,,,,10,,,,,,,,,,,,,,,,,,,,,,,,,,,,,,1,,,,3,,,,,
269,,,,,,,,,,,,,,,,9,,4,,,,,,,,,,,,,10,,,,,,5,3,,,,,,,,,,,,,
270,,7,,8,,,,,,,,,,,,,,,,,,,,,6,8,,,,,,,,,,,,,,,,,,10,,,,,,,
271,,,,,,,7,5,,,,10,,,,,,,,,,,,,8,,,,,,,5,5,,,4,,8,,,,,,,,,,,,,
272,,,,,,,,,,8,,,,,,3,,,,,,,,4,,,,,4,,,6,1,4,,,7,,,,,,,,7,,,,,,
273,,,,,,,,,,,,,,,1,,,,,,,,,,,,,,,1,,,,,,,,4,,,3,,,,,,7,,,8,
274,,,,,,,,,,3,,,,,,,,,,,,,,,,,,,,,,,,,,,,3,,,,,,,,,,,,,
275,,,,,,,,,,,,,,,,,,,,,,,,,,,,,,,,,,,,,,,,,,,,,,,,,,,
276,,,,,9,,,,,,,,,,4,,,5,,,,,,,,,,1,,,,,,,,,,,10,,,,,,,2,,,,,
277,,,7,,,,,,,,,,,4,,3,,,,,,,,,,,,5,,8,,,,,,,,,,,,,,,7,,,,,,
278,,,,,,,,,,,,9,,,9,,,10,,9,,,,,,,,,,,,,,,,,,,,,,,,,,,,9,,,
279,,,,,,,,,,,,7,,,,10,8,,,,,,,,,,,,,,4,,,,,,,5,,,,,,,,,,,,,1
280,,,,,,,,,,,,,,,,,,,,,,,,2,,,,,,,,,,,,,,,,,,,,,,,,,,,
281,,,,,,,,,,,,,,,,,7,,,,,,,,,,,,,,,1,,,,,,,,,,,,,,9,,,,,
282,,,,1,,10,3,,,,,,,,,,,,,,,6,,,,,,,,,,,,,,,,,,,,,,,,,,,,,
283,,,,,,,,,,,,2,,,,,,,,,,,,,,,,,,,9,,,,,,10,,,,,,,,,,,,,,2
284,,,,,,,,,,,,,,,,,,,,,,,,,3,,,,,8,,,,8,,,,,,,,,,,,2,,,1,8,
285,,,,,,,,2,,,,,,,,,2,,,,,,9,,,,,,,,,,5,,,,,,,,,,,,,,,,,,
286,,,,,,,,,,,,,,10,,,,,,,,,,,,7,10,,,,,8,,7,,,,,,,,,,,,,,,,,
287,,,,,,,,,,,,,,7,,,,,,,9,4,6,,,,,,3,,,,,,,,,,,,,,,,,9,,,,,
288,,,,,,,,,,,,,,,,,,,,,,,,,,,,,,,,,,,,8,,,,,,3,,,8,,,,,,
289,,,,,,,,,,,,,,,,,,2,,,,,,,,,,,,,,,,,,,,,9,,,,,,,,8,,,,
290,,,,,,,,,,,,,,,,,3,,,,,,,,,,,,10,,,,,,6,,,,,,,,,,,,,,,,
291,,,,,,,,,,,9,,,,,,,,,,,,,,,,,,9,,,,,,,,1,,,,,,,,,,,,,6,
292,,,,,,,,,,,,,,,,,,,,,,,,,,,,4,,,,,,,,,8,,1,,,,,,,7,2,6,,,
293,,,,,,,,,,,,,,,,,,,,,,,,,,,,,,9,,,,,,8,,,,,,,,,,,,,,,
294,,,,,,,,,,,,,,,,,,,,,,,,,,,,4,,,,,,,,,,,,,,,,,9,,,,,,
295,,,,,,,,,,,,,,,,,,,,,,,,,,,,,,,,,,,,,,,5,4,,,7,,,,,,,,
296,,,1,,,,,,,,,,,,,,,,10,,,5,,,,,,,,,,,,,,,,,,,,,,,,,,,8,,
297,,,,,,,,,,,7,,,,,,,,,,9,,5,,,,,,,,,,,,,,,,,1,,,,,,,,,,,
298,,,,,,,,,,,,,,,,,,,1,,3,,,,,,,,,,,,,,,,,2,,,,,,,1,,,,2,1,
299,,,,,,,,,,,,,,,,9,,,,6,,,,,,,,,,,,,,,,,,,5,,,,,,,,,,,,
300,,,,,,,,,,,,,,,,,,,,,,,,,,,,,,,,,,,,,,,,,,,6,8,,,,9,,,
301,5,,,,,,6,,8,,8,,,,,,,5,,,,,,,6,9,,,,,,,,,,,,,,,,,1,,,,,,,,
302,,,,,,,6,3,5,6,,,,,,6,,,,,,,,,,,,6,,,,,,9,,,,,,,,10,,3,,,,,,,
303,,7,,,,4,,,,,,,,2,,9,,,8,,,,,,7,,,,,,,,,,,,,,,,,,,,,2,,,,,
304,,7,,,,,9,,9,,,,,,,,,,,,,,,,,,,,,,,,,,,,2,,,,,,,,,,,,,,
305,,,,,,,,,9,,3,,,,,,,,,,,,,,,,4,,,,,,,9,,7,,,,,,,,7,1,,,,,,
306,,,,,,,,,,,3,,,,,,,,,,,,,,,,,,,,,,10,4,,,,,,7,,,,2,,,,,,6,
307,,,,,,,,,,,,,,,,,,,,,,,,,,,,,,,,,,,,,,,,,,,,,5,,,10,,,
308,,,,1,,,,,,,,,,,3,,,,,,,6,,,,,8,,,,4,,,,,,,,,,,,6,,,,,,,,
309,,,,,,,3,,,,,8,,,,,,,,,,,,,,10,,,,,,,,1,,,,,,10,,,,5,,,,,,,
310,,,,,,,,,,,1,,,,,1,,,,,,,,,,,3,,,,,,,,,,,,,6,,,,,,,,,,1,
311,,,,,,,,,,,,,,,,8,,,,,,,,,,,,,,,,,,,,,,,,,,,,,,,,,,,
312,,5,,,,,,7,,,,,,,,,,3,,,1,10,,,8,,,,,,,,,,,4,,,,,,,,,,,,,,,
313,,,,,,,,,,,,,,,,,,,,,,,,,,,,,,,,,,,,,,,,,,,,7,,,,4,,,
314,,,,4,,,,,,,,,,,,,,,,,,,,,1,2,,,,,,,,7,,,,,,,,,,,,,,,,,1
315,,,,,,,,,1,,,,,,,,,,,,,,,,,,,,6,,,,,4,,,,,,,,,,,9,,,8,4,,
316,,,,,,,,,,,,,,,,,,,,,,9,,,,,,,,,,,,,,,,,,8,,,,3,8,,,,,,
317,,,,,,,,,,4,,,,,,1,,,,,,10,8,3,,,,,,,,,,,,,7,,,,,,,5,,,,,,,
318,,,5,,,1,,,,,,,,,,,3,,,,,9,,,,,,,,,,,,,,,4,,1,,,,,,,,,,,,
319,,,,,,,,,,,,,,,,,,,,,10,,,,5,,,,,1,,,,,,,,,,,,,,,,,,,5,,
320,,,,,3,10,10,,,,,,,,,,,,,,,,,8,,,,8,,,,,10,,,,,,,,,,,,,1,3,3,,,
321,,,,3,,,,,,,,,,,,,,,,,,,,,,,,,,,,,,,,,,,,,,,,,5,,,,,4,
322,8,7,,,,,7,,,,,,2,,7,,,,,,,,,,,,2,,8,,,9,10,,,,,,,,,,,,3,,,,,,
323,,1,,,,,,,,,,7,,,,2,7,,,,,,,,,,,,,,,,,,,,,,,,,,,,,,,,,,
324,,,,,,,3,,,10,,,,,,,,,,,,,,,,4,,,,,,,,,,,,,,,,,,,,9,1,,,,
325,9,,,,,,,2,7,,,,,,4,,,,,,,,,,,,8,,,,,,,,,10,,,,,,,,,,,,,,,
326,,6,,,,,,,,,,,3,,,,3,,,,,,,9,,,,3,,,,,,,,,,8,,,,,,,,,,,,,
327,,6,,,,,,,,,,,,,,,,,,,,,,,,,,,,,,,,,,,,,,,,,6,9,,,,,9,,
328,,,,,,,,,,,,,,,,,,5,,2,,,,,,,,10,,,,,,,,5,,,,,,,,,,,,,,,
329,,,,,8,,,4,,,,,,,,,,,,,,,,,,,,,6,,,,,,,,,,,,,,,,,,,7,,,
330,,,,,,4,,,,,,,,,,,,,,,,,5,,,,,,,,,,,,,,,,,,,,,,,,,,,,
331,,,,,,,,,,1,,,,,,,,,,,,,,,,,,,,,,,,2,,,,,,,,,,,,,,,,,
332,,,,,,,,,1,,,6,2,,,,,,,,,,,,,,,,,,,,,,,,,,,,,1,,,,,,,9,,
333,,,,,,,,,,,,7,,,9,,,,,,5,,,,,,,,,,,,,,,,,,,,1,,,10,,,,,,,
334,,,,,,1,,,6,6,,,,,,,,,,,8,,,,,,,,,8,,,,,,,,,,2,,,,,,,,,,,
335,,,,,,,,,,6,,,,,,,,9,5,,1,,,,,,,,,,,,,,,,,,,,,,,,,,,,,,
336,,,,,,,,,,,,,,,,1,,,,,,,,,,,,,,7,,,,,,,,,,,,,,,8,,,,,,
337,,,,8,4,,,,,,,7,,,,,3,,,,,,,,,10,,,,,1,,,,,,,,,,,,,,,,,,,,
338,,10,,,,,,,,2,,,,,,,,,,,,,,,,,,,,,,1,,,,,7,,,,,,,,,,,,2,,
339,,,,,,,1,,,,,,,,,,,,,,,,,,,,,,,,,,,,,,6,3,1,,,,,,,,,,,,1
340,9,,,,,,,,9,,,,,,,8,3,,,,,,,,,,,,,,,,,,,,,,,,,,,,,,,,,,
341,,,,,,,,,,,,1,,,6,,,,,,4,8,4,,,,,,4,,,,,,,,,9,,7,,,,,,,,,,,
342,,,,,,,,,,,,,4,,,,,,,,,,,,,,,,,,,1,,,,,,,,,,,1,,,,4,,,,6
343,,4,,,,,,,,,,,,,,,,,,,,,,,,,1,,,,,,,,,,,,,,,,,,,,,,,,
344,,,,7,,,,,,,,,,,,,,,,,,,,,,,,,,,,,,,,,,,,,,,,,,3,,,,,
345,,,,,,,,,,,,,,,,,,,,,,,,,,,,,,,,,,,,,,,,,,3,8,,,,,,,,
346,,7,,,,,,,,6,,,,,,,,,,,,,,,,10,,,,,,,,,,,,,,,,,,9,,,,,,,
347,,,,,,,,,,,,,,,,,,,,,,,,,,,,2,,,,,,,8,,10,,10,,,,,,8,,,,,,
348,,,,,,,,,,,,,,,,,,,,,1,10,,,,,,,,,,,,,,,2,,,,,,,,,10,,,2,,
349,,,,,,,,,,,,,1,2,,,,,,,,,,,8,,,,,,10,,,10,,,,,,,6,,,5,,,,5,,,
350,,,,,,,,,,,8,,,,,,,,,,,3,,,,,,,,7,,,,3,,,,,,,,,,,,,,4,,,
351,4,,,,,,,9,,,,,,,,,,,,,,,,,,,,,,,,,,,,,,,5,,,5,,,,,,,,,
352,,,,,,,,,,,,,,,,,,4,,,,,,,,,,,,,,,4,,2,,,,,,,,,,,,,,,,
353,,,,,,,,,,,,,,,,,,,,,,,,7,,,,10,,6,,,,,,2,,,,,,,,,,,,,,,
354,,,,,,,,,,,,,,2,,,,1,,,,,,,,,,,,,,,,,,,1,,9,,,,,,,,,,8,7,
355,,,,,,,,,,,,,,,,,,,,,,,,,,,,,,,,,,,,,,7,,,,,,,,,,,,5,
356,,,,,,,,,,,,,,,,,,,,,,,,,,,9,,,,,,,,,,,,6,,,,,,,,,10,,,
357,,,,,,,,,,,,,,,,,,,,,,10,,,,,,,,,7,,,,,3,,,,,,,,1,,,,,,,
358,,,,,,,,,,,,,,4,,,,,,,3,,,,,,,,,,,,,,,,,,,,,,,,,3,,,,,
359,7,,,,,,,,,,,7,,,,,,,,,,,,,,,,,,6,,,,,,,,,,,,,,,,,,,,,
360,7,1,,,8,,,,5,,,,3,,,,5,,,,,,,,,,,,,,,,,,,,,,,3,,6,,,,,,4,,,
361,,,7,,5,,,,,,,,7,,,,,,,,3,,,,,,,,,,,,,,,,,,,,,,,,,,,,10,,
362,,,,,,,,,5,,,,,,,,5,,,,,,3,,,,,,,,,,,6,,,,,2,2,,,,,,,,,,,5
363,,,,,,,4,,,,,,,,,,,,,,,,8,10,,,,,,9,,,,,,,,,,,,,,,,,,,,,
364,,,,,6,,,,,,,,,,,,,,,,,,,,,,,10,,,,,,,,2,,,,,,,,,,,9,,,,3
365,,,,,,,,,,,,,,,,,,,,,,,,,,,,,,,9,,,2,10,7,,,,,,,,,1,,,,,,1
366,,,,,6,,,,,,,,,,,,,,,,,,,,,,,,,,6,3,,,,,,,,,,,,,,7,,,,,
367,8,10,,,,,,,,,1,,,,,4,,,,,,,,,,,,,,,,,,,7,,,,,,,,,,,,,,,,
368,,,10,,,,,5,,,,,,,,,,,,,,,,,,,,,,,,,,,,,,,,,1,,,,,,,,,,
369,,,,,,,,,,,,,,,,,,,3,,,,,,,2,,5,,,,,,,,1,,,,,,,,,,,,,,,
370,,,7,,,,7,8,3,,,,,,,,,,,,,,,,,,,,,,,,,,,,,,,,,,,,,,,,,,
371,7,,,,,,,,,,,,,5,,,,,2,,,,,10,,,,,,10,10,,,,,,,6,,,,,,3,3,,10,,7,7,
372,,,,,,,,5,,,,,,,,,,,,,,,,,,9,,,,,,,,,,,,,,,,,,,,,,,,,
373,,,,,,,,3,,,,,,,6,,,5,,,,,,6,,,,,,,,,,4,7,10,,,3,,,,,,,,,,,5,
374,,,,4,,,,,,,,,4,,,,7,,,3,,,,,,,,,,,,,,,,,,,,,,,,,,6,,,,,
375,,,,,2,,,,,,,,,,,1,,4,,,,,,,,,,,,7,,1,,,,,,2,,,,,3,,,,,,,,
376,,6,,,,,10,,,,,2,,,,,,,8,,,,,,,,,,,,,,,,,,,,,,,,,,,,,8,,,
377,,,,,,4,6,,,,,,,,,,,,8,,,,,,,,,,,,,,,,,2,,,,,,,,,,,4,,,,
378,,,,,,,,,,,8,,,5,,,,,,,,,,,,,,,,,,7,,,,,,,,,,,,,,3,,4,,,
379,,,,,,8,,,,,,,,,,,,,,,,,,,,,,,,,,,,,,,,,3,,,,,,,,,,,,
380,,,,,,,,,,,,,,9,,,,,,,,,,,3,,4,,,,,,,,,,,,,1,,,,,,,,,3,,
381,,,,,,,,,,,,4,2,,,,2,,,,,,,,,,,,,,,3,4,,,,,,,6,,,,,,,,,9,,
382,,,,,,1,,,,,,,,,,,,,,,,,,,,,,,,,,,,,,,,,,,,,,,,,,,3,,
383,,,,,,,,,,6,,,,,,,,,,,3,,,,,,2,4,,,,,,,,,,9,3,,,,,,,1,5,,,,
384,,,,,,,,,,,,,10,,,,,,,,,,,,,,,,,,,,,,4,,,,,2,,,,,,,,,,,
385,,,,,,,,,,,6,,,,,,,,,,1,,,,,,,,,,,,,,,,,,,,,,,,,,,,,3,
386,,,,,,,,,,,,,,,,,7,,,4,,,,,,,,3,,,,,,9,,,4,,,,,,,8,,,,,4,,
387,,,,,,,,,,,,,,,,,,,,,,,,,,,,,,,,8,,,,,,,,,,,,,,,,,,,
388,,,,,2,,,,,8,,,,3,1,,,,,1,,,8,,,,,,,,,,,,,,,,,,,,7,,,,,,,,
389,,,,,,,,,,,,,8,,,,,,,,,,,,2,,2,,,,,,,5,,,,,,,,,,,3,,,,6,,
390,,,,,,,5,,,3,,,,,,,,5,,,,,,,,,,,,,,,,,,,,9,,,,,,,,,,,,,
391,,,,,,,,,,,,,,,,,,1,,,,,,,,,9,,,1,,,,,,,,,5,7,2,,,,,,4,,4,,2
392,,6,,,7,,,,,,4,7,,,,,10,5,,,,,,,,,,,,,,,,,,,,,4,,,,,,6,,4,,,,
393,,,,,4,,,,,7,,,,,,,,,7,,,,,7,,,,,,,,,,,,8,,,,,,,4,,,,,1,,,
394,,,,,,,,,,,,,10,,,,,,,,,,,,,3,,,,7,,2,,,6,,,,,,,,,,,,,6,,,
395,,,,,,,,,9,,,,,,,,1,,,,,,,1,,,,,,,,,,,,5,,7,5,,,,8,,,,,,,,
396,,,,,,,,,,,,,,,,,,,,,,,,,,,,4,,,,,,,,,,,8,,,,,,,,,,,,
397,,,,,,,,,3,,,,,,,,,,,,,,,10,,,10,,,,2,,,,,,,,,7,,,,,,,,,,,
398,,,,,,,,,,,,,,,,,,,,,,,,,,,,,,,1,,,,,,,,,,,,,,,,4,,,,
399,,,,,,3,,7,,,,,,9,,,,,,,,,,,,,,,,,6,,3,,,,,1,6,,,,,,,,,,,,
400,,,,,,,,,,,,1,,,,,,,,,,,,,,2,,7,,3,,,,,7,,,,,3,,5,,,,,,,4,,9
401,,,,,,,,,,,,,,,,,,,,10,,,,10,,,,9,,,,,,2,,,,,,,,,,,,,1,,,7,
402,,,,,,,,,,,,,,,,,,,,,,,,6,,,,,,,,,,,,,,,,,,,,,,,,,,,
403,,,,,,5,,,,,,,,,,,,,,10,,,,,,6,,,,8,,,,,,,,,,,,,,,,,,,,,
404,,,,,,,,,,,,,,,,,,,,,2,,,,,,,,,,,,,,,,,,,,,,,,,,,,,,
405,,,,4,,,,,,,,,1,,,5,,,,,,,,,,,,,,,,,,,,,,10,,,,8,,,,,,,,,7
406,,,,10,,,,3,,,,,,,,,,,,,,,,5,,,,,,,,,,,,,,,,,,,1,,,,,,2,,
407,,,,,,,,,,,,,8,,,,,,,,,,,,,7,,,,,8,4,,,,,2,7,,,,,,,,,,,,,
408,,,,,,7,,,,,,7,,,,,,,,,,,,4,,,,,3,,,,,,,,,,,,,,5,,,,,4,,,
409,4,,,7,3,,,,,,,8,,,,,,,,,7,,,,,,,,,2,,,,,10,,,,,,,,,,,6,1,,,,
410,8,,,,,,,,,,,,,,,,,,,8,,,4,4,,,,,,,,,,6,,,,,,,,,,5,,,,8,,9,
411,,,,,,,,,,,,,2,,6,8,,,,,,,,,,6,9,,,,,,,,,,,,,,,,,,,,,,,,
412,,,,,,,,,4,,,,,,,,,,,,5,,,,,,,,,,,,,,,,,,,,,,,,,,3,,,,4
413,,2,,3,,,,,,,,,,7,,,2,,,,,,,,,,,,,,6,,,,,,,,,,,,,,,,3,,,,
414,,,,6,,2,3,,,,,,,,,,,,,,,,10,,,,,,,,,,,,5,5,,2,,,,,,,,,,,,,
415,,2,,,,,,,,,,,,,,,8,,,,,,,,,,5,,,,,,,,,,,,,,,,3,6,,,,,7,,
416,,6,4,,3,,,,,,,,,,,,3,,,,,,,,,,,,,,,,,,3,,,,,,,,,,,,,,,,
417,,,,,,,,,,,,4,5,,,,,,,,,,,8,,,,,,,10,,,,,,,,,,,4,,,,,,,,2,
418,,,,,,,,,,,,,,,,,,,,,,,,,,,,,,,,,6,,,,,,,,10,,,,,,,9,,,
419,,,,,,,,,,,,,,8,,,,,,,,,,,,,1,,,,,,,,,,,,,,,,,,,,,,,,
420,,,,,,,,,,,10,,,,,9,,5,,,,,5,,,,,,,,,,,,,,,,,,,,,,,,,,,,
421,,10,,,,,,,,,,,,,10,,,,,3,,,,3,,,,,,,,,,,,,,,,,,,,,9,,,,,,
422,,,,,,,,,,,,,,,2,9,,,9,,2,,9,,,,6,,,,,5,8,,,,1,,,,,7,,,,,,,,10,
423,,,,5,,,,3,,,,,3,,,,,,,,,,,,5,,,,,,,7,,,,,,,,,,,,,,,,,,,
424,,,,,,,,,,,,,,,,,,,,6,,,,,,,,,,,,,,,,,,,,,,,,8,,1,,,,,
425,,,,,,,,,,,1,,,,,,,,7,,,,,,,,,,9,,,,,,,,,,,3,,,2,,,,,,,,
426,,,,,,,,,,,,,,,,,,,,,,,,,,,,,,,,,,,,,,,,,1,,,,,,,,,,
427,3,,,,,,,,,,,,,,,,4,,,,,,,,,,,,,,,,,,,,,,,,,,,,,,,,,,
428,10,,10,,,,,,1,,,,,,,,,,,,,,,,,,,,,,10,,,,,,,,,,,,,1,,,,,,,
429,,,,,,,,,,,,,,,,,,,,,,,,,,,,,,,,,,,,,5,,,,,,,,,,3,,,,
430,,,,,,,,,,,,,,,,,,,,,,,4,,10,,,,,,,,,,,,,,,,,,,,,,,,,,
431,,,,,,,,,,,,,,,,8,,,,,,,,,,,,,,,3,,,5,,,,,,,,,,,,,,,,,
432,,,,,,,,,8,2,,,,,,,,,,,,,,,,,,,,,,,,,,,,,,,,,,,,10,,,,,
433,,,,,,,,,,,,,,,,,,,,,,,,,,,,,,,,8,,,,,,,,,,,,,,,,,,,
434,,,,,9,2,2,,,,,,,,,,,8,,,,,,,,,,,8,,,2,,,,,,,,6,,,,,,,,,,,
435,,,,,,,,,,,,,,,,,,,,,,,,2,,,,,,2,,,,,,,,,,,,,1,3,,,,,,,10
436,,,,,,,,,,,3,,,,,,,,,,1,,,,,7,,,,,,,,,3,,,,,,8,,,,,,,,,,
437,7,,,,,,,,,,4,,9,,,,6,,,,,,,,,,,,,,,,,8,,,,,,1,,4,,2,,,,,,,
438,,10,,,,6,,,8,,,,,,9,,,,8,,,,,1,,,1,,,,,,,6,2,10,,,4,,,,,,,,,,,,
439,,,3,,,,,,,,,,,,,,,,,7,,,,,,6,,,,,,,9,4,,4,,,,,,,,,,,,,,,
440,,,,,,,,,,,,1,,,,,,,,3,,,,,,,,,,2,,,2,,,,,8,,,,,,,,,,,,,4
441,,,3,,,,,,,,,,,,,,,,,,,,6,,,,,,,,1,4,8,,7,,,,,,,,,,,,,,2,,
442,8,,,,,,,,9,,,,10,,,,,,,,,,,,,,,,,,,,,,,,,,,,,,,,,,,,,,
443,,,,,,,,,,,,,,,,,,,9,,,,,5,,8,,,,2,,,,,,,,,,,7,,,,,,,,,,
444,,,,,,,,10,,,,,,,3,,,,,,,,10,,,,7,10,5,,,,,,,,6,,,,,,,,,6,8,,,,
445,,2,,,,,,,,,,,,8,,,,,,,,,,,,,,,,,,,,,,,,2,,,,,,,,,,,,,
446,,,,,,,,,,,,,4,,,,,,,,,,9,,,,,,,,,,,,,2,,,,,,,,,,,,,3,,
447,3,,2,,,7,,,,,,,,,,,,,,2,,,,,,,,1,,,,,6,,,,,,,,,,,,,,,,,,
448,,,,,,,,,,,,,,,,,,,,,,,8,,,,,,,,,,10,,,4,,,,,,,,6,,,,8,9,,7
449,,,,,,,,,,,,8,,,,9,,,,,10,,,3,,,7,6,,,6,,,,,,,,,,,,,,,9,,,,,
450,,,,,,,,,,,,,,,,,,,,,,,,2,,,,,,,,,,2,,,,,,,4,,,,,,3,,,,
451,,,,,,,5,,,,,,,,,,,,,,,,,,,,,,10,1,,,,,,6,,,,4,,6,8,,,,,,,,
452,,,,,,,,,,,,,,,,,,,,,7,,,,,,,,,,,,7,,,,3,,,,,,,3,,,,,,,
453,,,,,,,,,,,,,,,,,1,,,,,,,,,,,,,,,,,,,,4,,,,,,,,,,,,10,,
454,,,,,,,,,,,,,,,,,,,,,,,,,,,,,,,,,,,,,,,,,,,,,2,,,,,,
455,,,,8,,,,,4,,,,10,,,,,,10,2,,,,,,,,6,,,,,,,,,,,,,3,,2,,,,,,,,
456,,,,4,,,,,,,,,1,,,,,,,,,,,,,,,,,5,,,,,,,7,,,,,,,,,,,,,,
457,,,,,,,,,,,,,,,7,,,,,,,,,,,,,,1,,,,,,,,,,,,,,,,,,,,,,
458,,,,,,,4,1,,,,4,,,,,,,,,,,,,,,6,,,,,,,,,,,,,,,6,,,,2,,,,,
459,,,1,,,,5,4,,,6,,,,,,,,,,,,,,,,,,,,,,,,,,,,,,,,5,,,,,,,,
460,,,,,,,5,,,,,3,,,,9,,,,,,,5,,,,1,,,,,,,,,,,,,,,,,,,,,3,4,,
461,,,,,,,1,7,,,,,4,,,2,,,,,,,,,,6,,,,,,,,,,,,,,,,,,,,,,,,,
462,,,,,,,,,,,,,,,,,,,2,,,,,6,,10,,,,,,,,,,,,,,,,,,,,,,6,,,
463,,10,,,,,,,8,,,,,,,,,,,4,,,,,,,1,,,,,,,,,,,,,,,3,,,,,,,5,1,
464,,,,,,8,,,,4,,,,,9,,10,,,,,,,,,,,,,,,10,,,,,,,,,,,,,,,,,,3,
465,,,,10,,6,8,,3,2,,,,6,1,,,,2,,,,10,,,,,,,,,,,,,,,5,,,,,,,,,,,,,
466,,,,,,,,,,,,,8,,,,,1,,,,,,,6,,,,,,,,7,,,,,,,,,,,,,2,,,,,
467,,,,,,,,,7,,,,,,,,,,,,,,5,,9,,10,,,2,5,,,,,,,,,,9,,,,,,,,,,
468,,,,,,,,,,,,4,,9,,,,,,,,,,10,,,,,,,,,,,,,,,,,,,8,8,10,,,,,,
469,,,,1,,,,,,,,,10,9,,,,,5,,,3,,,,,,,,,,,,,,,,,,,,,,,,,,,,,
470,,,,,7,,,,7,,,,,4,,,,,,,,,,2,,,10,,,,,,,,,,,,,3,,,,6,6,,,,,7,
471,6,,,,,5,,,,,,,,,,,,,,,,,,,,,,,,,,,,,,,,8,,,,,6,,,,,,,,
472,,,,,,,,,,,,,,,,,,,,,,3,10,,,,,,,,,,,,,,,,,,,,,3,,,,,,,
473,,9,,,,,,,,,9,,,,,,,,,7,,,,,,,,,,,9,,,,6,,,,3,,6,,4,,,,,,,,
474,,,,,10,,,,,,,,,1,,,,2,,8,,5,,,,,,,,,,,,,,,,,,,,,,,,,,10,,,5
475,,,,,,,,,,,,,,,,,,,,,,,,,,,,,,,,4,,,,,,,,5,,,,,,,,,9,,
